id,symbol,name,current_price,market_cap,market_cap_rank,total_volume,high_24h,low_24h,price_change_24h,price_change_pct_24h,market_cap_change_pct_24h,circulating_supply,total_supply,ath,ath_change_pct,ath_date,atl,atl_date
bitcoin,btc,Bitcoin,66537,1331803812962,1,40589754570,68019,65112,37.17,0.05589,0.21456,20009231.0,20009234.0,126080,-47.22657,2025-10-06,67.81,2013-07-06
ethereum,eth,Ethereum,2022.92,244241270337,2,18087728216,2077.32,1947.32,25.33,1.26806,1.34623,120691443.6586336,120691443.6586336,4946.05,-59.10032,2025-08-24,0.432979,2015-10-20
tether,usdt,Tether,0.999127,184062144082,3,64704055447,0.999348,0.999049,-6.4980048390617e-05,-0.0065,-0.00491,184222004209.078,189688943150.6462,1.32,-24.48708,2018-07-24,0.572521,2015-03-02
binancecoin,bnb,BNB,609.66,83265223628,4,1038045299,620.05,598.48,-0.33894202602084533,-0.05556,0.14387,136357163.18,136357163.18,1369.99,-55.49887,2025-10-13,0.0398177,2017-10-19
ripple,xrp,XRP,1.32,81088648970,5,2044974622,1.36,1.31,0.00298177,0.22597,0.20106,61344583754.0,99985695443.0,3.65,-63.73114,2025-07-18,0.00268621,2014-05-22
usd-coin,usdc,USDC,0.999611,77417634484,6,4673050201,0.99984,0.999577,-0.000154761626382061,-0.01548,-0.38711,77447735743.54427,77502166658.64252,1.043,-4.20624,2018-11-15,0.877647,2023-03-11
solana,sol,Solana,82.64,47312092773,7,3769924031,84.69,79.81,0.905786,1.10818,1.11687,572494964.8122226,572494976.9885201,293.31,-71.82453,2025-01-19,0.500801,2020-05-11
tron,trx,TRON,0.319367,30268798772,8,706722253,0.324259,0.316608,-0.003571649953810596,-1.10598,-0.75384,94762794745.56999,94762858036.6882,0.431288,-25.9505,2024-12-04,0.00180434,2017-11-12
figure-heloc,figr_heloc,Figure Heloc,1.029,16729923658,9,78728493,1.029,1.0,0.0293155,2.93155,2.93155,16253445768.157,16253445768.157,1.049,-1.88683,2026-03-09,0.155357,2025-10-31
dogecoin,doge,Dogecoin,0.09095,13958675785,10,1266528244,0.093521,0.089012,0.00018234,0.20089,0.16472,153626596383.7052,169339433126.5791,0.731578,-87.56804,2021-05-08,8.69e-05,2015-05-06
usds,usds,USDS,0.99949,11739078289,11,57228353,0.999918,0.999065,-0.000214552254537592,-0.02146,0.86917,11745064630.98028,11745064630.98028,1.057,-5.47018,2024-10-29,0.948265,2024-10-03
whitebit,wbt,WhiteBIT Coin,51.24,10938449536,12,80414491,52.45,50.66,-0.08878136908755607,-0.17298,-0.01284,213418274.0,319790563.0,64.11,-20.14626,2025-12-10,3.06,2023-02-13
bitcoin-cash,bch,Bitcoin Cash,459.66,9184285306,13,253482361,466.32,449.04,5.74,1.26356,1.04889,20014481.14665078,20014499.89665078,3785.82,-87.85842,2017-12-20,76.93,2018-12-16
cardano,ada,Cardano,0.244062,8984918083,14,457777095,0.250993,0.235356,0.00361615,1.50394,1.42232,36870518657.28807,45000000000.0,3.09,-92.09366,2021-09-02,0.01925275,2020-03-13
leo-token,leo,LEO Token,9.7,8939441353,15,613826,9.72,9.6,0.04614757,0.47794,0.52152,920975471.9,985239504.0,10.14,-4.24518,2025-03-10,0.799859,2019-12-24
hyperliquid,hype,Hyperliquid,37.06,8835892112,16,248091034,38.86,36.6,-1.653578845555245,-4.27098,-4.05245,238385315.9541414,962274028.9541414,59.3,-37.503,2025-09-18,3.81,2024-11-29
chainlink,link,Chainlink,8.63,6109648964,17,360259606,8.89,8.29,0.199147,2.36216,2.41167,708099970.4525567,1000000000.0,52.7,-83.62347,2021-05-10,0.148183,2017-11-29
monero,xmr,Monero,323.59,5971059962,18,87006545,339.34,322.92,-3.9602252961849445,-1.20904,-1.06419,18446744.07370955,18446744.07370955,797.73,-59.43628,2026-01-14,0.216177,2015-01-14
ethena-usde,usde,Ethena USDe,0.998973,5878445230,19,128265886,0.999398,0.998474,-4.813978678464e-05,-0.00482,-0.10662,5883864310.686912,5883864310.686912,1.034,-3.39951,2025-12-09,0.929486,2024-10-04
canton-network,cc,Canton,0.15212,5801652791,20,7166368,0.154228,0.149485,0.00194127,1.29263,1.48452,38182939640.88399,38182939640.88399,0.194152,-21.79581,2026-02-03,0.059024,2025-12-06
stellar,xlm,Stellar,0.167899,5546039735,21,94424384,0.173485,0.162169,0.00359016,2.185,2.17783,33037037370.42894,50001786883.65895,0.875563,-80.81583,2018-01-03,0.00047612,2015-03-05
usd1-wlfi,usd1,USD1,0.999342,4391026976,22,962268760,1.0,0.998736,0.00012516,0.01253,-0.10177,4392853597.856166,4392853597.856166,1.025,-2.50287,2025-05-12,0.989633,2025-10-01
dai,dai,Dai,0.999674,4367156582,23,170413650,1.0,0.999121,3.991e-05,0.00399,1.01032,4368552382.097734,4368552382.097734,1.22,-17.98892,2020-03-13,0.88196,2023-03-11
litecoin,ltc,Litecoin,53.35,4107679952,24,405223787,54.28,52.71,-0.03508981411872014,-0.06573,-0.03268,77004851.98347135,77006701.98347135,410.26,-87.0129,2021-05-10,1.15,2015-01-14
memecore,m,MemeCore,2.32,4064274229,25,19024249,2.39,2.08,0.215272,10.23501,9.61807,1751983017.036237,5351983016.595513,2.96,-22.02157,2025-09-18,0.04746135,2025-07-04
paypal-usd,pyusd,PayPal USD,0.999876,3908267860,26,118280877,1.0,0.999371,0.00031238,0.03125,1.03136,3908906160.48544,3908906160.48544,1.021,-2.05767,2023-10-23,0.959426,2024-12-05
avalanche-2,avax,Avalanche,8.8,3799837677,27,221086526,9.01,8.45,0.183956,2.13413,2.21138,431771961.1772119,463441061.1772119,144.96,-93.93664,2021-11-21,2.8,2020-12-31
zcash,zec,Zcash,227.71,3778971952,28,345279041,231.04,211.27,10.03,4.60974,4.26435,16631129.8530448,16631593.9155448,3191.93,-92.86601,2016-10-29,16.08,2024-07-05
hedera-hashgraph,hbar,Hedera,0.087228,3777819785,29,64621627,0.090658,0.086983,-0.001085277822918757,-1.22889,-1.12863,43303446052.5367,50000000000.0,0.569229,-84.66921,2021-09-15,0.00986111,2020-01-02
rain,rain,Rain,0.00781407,3738546955,30,29918821,0.00842225,0.00781537,-0.000587233872475357,-6.98979,-6.98633,478312470099.27356,1149912503401.632,0.01090099,-28.26764,2026-02-09,0.00222126,2025-09-14
shiba-inu,shib,Shiba Inu,5.95e-06,3504954523,31,127325019,6.14e-06,5.7e-06,1.65156e-07,2.85585,2.85601,589243602877659.5,589500156092907.2,8.616e-05,-93.09621,2021-10-28,5.6366e-11,2020-11-28
sui,sui,Sui,0.861919,3360797842,32,372484529,0.888222,0.828142,0.02097798,2.49458,2.48973,3899984688.415443,10000000000.0,5.35,-83.87903,2025-01-04,0.364846,2023-10-19
the-open-network,ton,Toncoin,1.22,2993442104,33,77691875,1.24,1.2,-0.005465840306594139,-0.44639,-0.75112,2462458173.684598,5158269183.85615,8.25,-85.27761,2024-06-15,0.519364,2021-09-21
bittensor,tao,Bittensor,309.58,2968742908,34,397962248,333.1,306.1,-7.545782211357391,-2.37945,-2.21915,9597491.0,21000000.0,757.6,-59.25631,2024-03-07,30.83,2023-05-14
crypto-com-chain,cro,Cronos,0.069588,2944475306,35,9932634,0.071714,0.069382,-0.000687716675074349,-0.9786,-1.13789,42312610902.43009,98512575935.91858,0.891544,-92.19789,2021-11-24,0.0121196,2019-02-08
world-liberty-financial,wlfi,World Liberty Financial,0.098047,2819977053,36,47949869,0.100314,0.097535,-0.000575234144190653,-0.58327,-0.50253,28762304496.0,100000000000.0,0.331336,-70.40868,2025-09-01,0.08903,2026-03-20
hashnote-usyc,usyc,Circle USYC,1.12,2676552713,37,223858,,,,,,2391292439.774803,2391292439.774803,1.12,-0.0365,2026-03-16,1.026,2024-12-05
tether-gold,xaut,Tether Gold,4498.96,2517608670,38,552330872,4564.52,4425.86,3.02,0.06717,0.06624,559598.641692,707747.089,5504.62,-18.19039,2026-01-29,1447.84,2020-03-19
pax-gold,paxg,PAX Gold,4504.56,2315922500,39,342705495,4570.94,4432.73,-9.256219656053872,-0.20506,-0.2018,514128.803,514128.803,5619.09,-19.77277,2026-01-29,1399.64,2019-11-18
mantle,mnt,Mantle,0.682314,2235065468,40,40394889,0.695248,0.66616,0.00689933,1.0215,0.98389,3277944055.53684,6219316794.889999,2.86,-76.11352,2025-10-09,0.307978,2023-10-18
uniswap,uni,Uniswap,3.47,2199531522,41,152394942,3.57,3.3,0.109486,3.25545,3.39217,633561603.6037512,897544420.0366304,44.92,-92.27433,2021-05-03,1.03,2020-09-17
blackrock-usd-institutional-digital-liquidity-fund,buidl,BlackRock USD Institutional Digital Liquidity Fund,1.0,2169130946,42,0.0,1.0,1.0,0.0,0.0,0.0,2169130946.410449,2169130946.410449,1.0,0.0,2025-02-12,1.0,2025-02-12
polkadot,dot,Polkadot,1.24,2082975655,43,117091187,1.28,1.23,-0.011251912785617435,-0.89771,-0.8818,1676917660.501806,1676917660.501806,54.98,-97.74452,2021-11-04,1.15,2026-02-06
global-dollar,usdg,Global Dollar,0.999785,1827317590,44,40006533,1.0,0.999592,-0.000118131172218816,-0.01181,1.15464,1827711209.808432,1827711209.808432,1.65,-39.57807,2025-01-30,0.907561,2024-11-11
okb,okb,OKB,83.65,1756844037,45,14742436,85.24,82.63,-0.26398396984615147,-0.31459,-0.30367,21000000.0,21000000.0,228.74,-63.49644,2025-10-05,0.580608,2019-01-14
falcon-finance,usdf,Falcon USD,0.998001,1746695566,46,1535657,0.999696,0.995732,-0.000270857396223567,-0.02713,0.032,1750505418.09726,1750505418.09726,1.075,-7.08484,2025-05-08,0.943422,2025-07-08
pi-network,pi,Pi Network,0.17474,1740428164,47,13979533,0.178852,0.174123,-0.002928823036753486,-1.64847,-1.71623,9962283894.281307,15326590606.58662,2.99,-94.15599,2025-02-26,0.131244,2026-02-11
sky,sky,Sky,0.073314,1693477394,48,14505722,0.076159,0.070735,0.0018897,2.64572,2.64346,23098810311.870922,23462665147.36596,0.100535,-26.97844,2024-12-04,0.03582727,2025-02-03
aster-2,aster,Aster,0.675752,1658227098,49,93387357,0.692236,0.652462,0.01608601,2.43851,2.40642,2456309719.12999,7822529124.604758,2.41,-71.9458,2025-09-24,0.099713,2025-09-17
htx-dao,htx,HTX DAO,1.72e-06,1574452328,50,15633182,1.74e-06,1.72e-06,-3.607801376e-09,-0.20898,-0.00831,916533066327098.8,916533066327098.8,3.75e-06,-54.20454,2024-12-04,8.00816e-07,2024-08-05
near,near,NEAR Protocol,1.15,1488092167,51,155324343,1.22,1.14,-0.009023603344057163,-0.77738,-0.45985,1291557982.0,1291558012.0,20.44,-94.35993,2022-01-16,0.526762,2020-11-04
aave,aave,Aave,96.76,1468717565,52,192558680,99.62,93.73,1.41,1.47923,1.63088,15185753.703056403,16000000.0,661.69,-85.39835,2021-05-18,26.02,2020-11-05
ripple-usd,rlusd,Ripple USD,0.999866,1406172476,53,119133314,1.0,0.999454,-2.0587210329603e-05,-0.00206,-0.29402,1406355492.647298,1406355492.647298,1.073,-6.77453,2024-12-26,0.962292,2024-12-18
pepe,pepe,Pepe,3.3e-06,1389798603,54,263892749,3.4e-06,3.21e-06,3.1897e-08,0.97473,1.00718,420690000000000.0,420690000000000.0,2.803e-05,-88.21095,2024-12-09,5.5142e-08,2023-04-18
bitget-token,bgb,Bitget Token,1.92,1346597573,55,24535727,1.95,1.91,-0.020755021001322982,-1.06755,-1.00946,699992035.9787906,916931610.9787906,8.45,-77.1834,2024-12-27,0.0142795,2020-06-25
bfusd,bfusd,BFUSD,0.999302,1319209481,56,2788679,0.999598,0.998601,0.00020163,0.02018,0.03006,1320000000.0,1320000000.0,1.007,-0.75709,2025-10-10,0.997035,2026-01-24
ondo-us-dollar-yield,usdy,Ondo US Dollar Yield,1.13,1316444808,57,2152852,1.13,1.11,0.00115714,0.10281,0.05022,1168481023.784601,1546653848.333028,1.26,-10.8006,2024-03-27,0.934184,2024-01-14
siren-2,siren,Siren,1.8,1313663222,58,25970021,1.86,1.63,0.059829,3.43948,3.15223,728213818.6634337,728213818.6634337,3.61,-50.66718,2026-03-22,0.02634736,2025-03-11
ondo-finance,ondo,Ondo,0.263508,1280728710,59,66477511,0.271722,0.254342,0.00401604,1.54766,1.42389,4869330647.0,10000000000.0,2.14,-87.68746,2024-12-16,0.082171,2024-01-18
ethereum-classic,etc,Ethereum Classic,8.08,1261018167,60,47022734,8.36,7.84,0.112872,1.41695,1.37139,156105720.3914834,156105720.3914834,167.09,-95.17112,2021-05-06,0.615038,2016-07-25
internet-computer,icp,Internet Computer,2.23,1229441553,61,39398606,2.28,2.17,0.01123739,0.50611,0.71207,550676756.0624563,550676756.0624563,700.65,-99.68153,2021-05-10,2.02,2026-02-24
gatechain-token,gt,Gate,6.57,1133103428,62,2993288,6.61,6.45,0.062946,0.96697,0.62255,115180573.04885802,115180573.04885802,25.38,-74.11238,2025-01-26,0.25754,2020-03-13
janus-henderson-anemoy-treasury-fund,jtrsy,Janus Henderson Anemoy Treasury Fund,1.099,1115645979,63,0.0,1.099,1.098,0.000317,0.02886,2.32174,1015441223.74889,1015441223.74889,1.099,0.0,2026-03-30,1.085,2025-11-13
kucoin-shares,kcs,KuCoin,7.97,1052050721,64,5956134,8.18,7.83,-0.02144082492831778,-0.26823,-0.18026,132155021.7355671,142155021.7355671,28.83,-72.38966,2021-12-01,0.342863,2019-02-07
quant-network,qnt,Quant,69.93,1017546263,65,13447776,71.28,68.0,1.023,1.48515,1.65483,14544176.164081175,14612493.0,427.42,-83.69063,2021-09-11,0.215773,2018-08-23
pump-fun,pump,Pump.fun,0.00166903,983834991,66,71924845,0.00173144,0.00164459,-4.2266780419479e-05,-2.46987,-2.39906,590000000000.0,999989170024.372,0.00881908,-81.07482,2025-09-14,0.00163986,2026-03-29
usdd,usdd,USDD,0.999174,972795848,67,4549960,1.001,0.996907,-6.068619079147e-06,-0.00061,-1.36749,973633617.05,973709916.46,1.052,-5.03182,2023-10-23,0.928067,2022-06-19
polygon-ecosystem-token,pol,POL (ex-MATIC),0.090751,963463076,68,57008245,0.094844,0.090187,-0.001541234540435865,-1.66994,-1.48695,10616892534.08665,10616892534.08665,1.29,-92.95523,2024-03-13,0.086938,2026-02-06
eutbl,eutbl,Spiko EU T-Bills Money Market Fund,1.2,935822161,69,0.0,1.21,1.2,-0.004504193333651818,-0.37318,-1.31349,778256010.95902,778256010.95902,1.26,-4.67781,2026-01-27,1.011,2024-08-15
worldcoin-wld,wld,Worldcoin,0.273291,883459464,70,111525486,0.286316,0.268143,-0.001359830841933751,-0.49511,3.6658,3231075873.41059,10000000000.0,11.74,-97.67199,2024-03-10,0.245136,2026-03-28
render-token,render,Render,1.69,879267241,71,63413978,1.76,1.62,0.03808298,2.29847,2.29808,518743261.0140742,533503434.2940742,13.53,-87.49786,2024-03-17,0.03665669,2020-06-16
nexo,nexo,NEXO,0.877221,877162329,72,7037006,0.898117,0.873305,-0.001917884436933304,-0.21815,-0.11512,1000000000.0,1000000000.0,4.07,-78.46215,2021-05-12,0.04515276,2018-09-13
kaspa,kas,Kaspa,0.03215009,876184740,73,23266000,0.03323192,0.03176169,-0.000458419083669975,-1.40583,-1.63718,27302471673.11332,27323715612.68835,0.207411,-84.56468,2024-08-01,0.00017105,2022-05-26
usdtb,usdtb,USDtb,0.997929,867857580,74,22757990,1.002,0.994694,-0.001580394717270339,-0.15812,-1.04424,868377451.6461825,868377451.6461825,1.057,-5.49229,2025-09-20,0.900502,2025-07-17
cosmos,atom,Cosmos Hub,1.67,834871921,75,38326626,1.7,1.62,0.02407233,1.46379,1.33062,500789825.205078,500789825.205078,43.84,-96.20066,2021-09-20,1.16,2020-03-13
morpho,morpho,Morpho,1.48,818261917,76,12703372,1.56,1.45,0.0074092,0.50194,0.52266,551530782.4457247,1000000000.0,4.17,-64.56848,2025-01-17,0.713151,2024-11-25
superstate-short-duration-us-government-securities-fund-ustb,ustb,Superstate Short Duration U.S. Government Securities Fund (USTB),11.03,798043444,77,0.0,11.03,11.03,0.001061,0.00962,7.62637,72328165.294316,72328165.294316,11.03,0.0,2026-03-30,10.29,2025-02-26
ethena,ena,Ethena,0.09112,773834162,78,85280757,0.093408,0.088034,0.00094018,1.04256,1.07786,8492187500.0,15000000000.0,1.52,-94.0154,2024-04-11,0.088034,2026-03-29
algorand,algo,Algorand,0.082247,731519622,79,21629435,0.08399,0.080092,0.00116049,1.43118,1.50211,8893287557.36,8893535397.494736,3.56,-97.69586,2019-06-20,0.080092,2026-03-29
midnight-3,night,Midnight,0.04317215,717147015,80,469919924,0.04954301,0.04268563,-0.005892203988456433,-12.00913,-11.6925,16607399400.63495,24000000000.0,0.118529,-63.49899,2025-12-09,0.02378032,2025-12-09
aptos,apt,Aptos,0.893465,709324789,81,74946116,0.948505,0.891343,-0.024359946353464834,-2.6541,-2.63323,794110667.5254856,1200409677.954553,19.92,-95.51542,2023-01-26,0.795451,2026-02-23
official-trump,trump,Official Trump,2.93,679053587,82,102484003,3.0,2.84,0.04469095,1.54868,1.2466,232498807.465716,1000000000.0,73.43,-96.02714,2025-01-19,2.73,2026-03-12
flare-networks,flr,Flare,0.0077744,665381760,83,4169204,0.0078862,0.00755392,8.926e-05,1.16149,1.29433,85437296878.07397,105376634599.3174,0.150073,-94.81136,2023-01-10,0.00755392,2026-03-29
filecoin,fil,Filecoin,0.812789,621802061,84,87622963,0.858117,0.790176,0.00533846,0.66115,0.92916,764828086.0,1957925595.0,236.84,-99.65604,2021-04-01,0.790176,2026-03-29
ousg,ousg,OUSG,114.73,621210971,85,0.0,114.73,114.73,0.0,0.0,0.0,5414739.363077936,5414739.363077936,114.73,0.0,2026-03-27,95.09,2023-03-22
xdce-crowd-sale,xdc,XDC Network,0.03092551,616773647,86,23328653,0.03181638,0.02961755,0.00087039,2.89599,2.97657,19941094340.67,38060108097.9,0.192754,-83.85445,2021-08-21,0.00039532,2019-07-22
beldex,bdx,Beldex,0.080069,608835510,87,12267990,0.080817,0.079803,-5.7171927160926e-05,-0.07135,-0.10613,7606541492.399139,9936840955.126062,0.450785,-82.25045,2018-12-17,0.00027519,2019-11-01
ylds,ylds,YLDS,0.999849,592332609,88,8227651,0.999909,0.999517,7.734e-05,0.00774,0.00784,592421440.97,592421440.97,1.001,-0.12457,2026-02-13,0.999202,2025-11-16
hash-2,hash,Provenance Blockchain,0.01040857,585790249,89,5212.23,0.01124583,0.01001473,-0.000829707515523479,-7.38287,-7.32073,56279597120.0,100000000000.0,0.060147,-82.69476,2025-09-14,0.00946334,2026-03-27
gho,gho,GHO,0.998797,583347809,90,3809938,0.999416,0.998511,-0.000207041185453782,-0.02072,-0.02502,584000000.0,584000000.0,1.03,-3.00811,2024-02-28,0.917065,2023-10-24
vechain,vet,VeChain,0.00669743,575833112,91,13428478,0.00682451,0.00646753,0.00011486,1.74496,1.68164,85985041177.0,85985041177.0,0.280991,-97.61717,2021-04-19,0.00191713,2020-03-13
usual-usd,usd0,Usual USD,0.998122,560381434,92,24680,1.001,0.99411,-0.000532219040956905,-0.05329,-0.05328,561436091.0445707,561436091.0445707,1.33,-24.71581,2024-07-12,0.962885,2025-04-10
arbitrum,arb,Arbitrum,0.090745,548282112,93,59525925,0.093549,0.087087,0.00183012,2.05828,2.17306,6040824145.0,10000000000.0,2.39,-96.21001,2024-01-12,0.087087,2026-03-29
jupiter-exchange-solana,jup,Jupiter,0.150939,535836585,94,27982387,0.154792,0.139671,0.00852269,5.98434,5.98183,3550835739.32,6863982442.853685,2.0,-92.46386,2024-01-31,0.135801,2026-02-12
just,jst,JUST,0.060063,529463076,95,26349320,0.061628,0.057072,0.00128944,2.19391,2.20282,8815108920.581306,8815108920.581306,0.193254,-68.76764,2021-04-05,0.00476275,2020-05-09
fetch-ai,fet,Artificial Superintelligence Alliance,0.228911,517004708,96,118805846,0.249517,0.224686,-0.001594447829543238,-0.69172,-0.46844,2258361198.6790967,2714384546.672,3.45,-93.35037,2024-03-28,0.00816959,2020-03-13
stable-2,stable,​​Stable,0.02410558,514104742,97,18610008,0.02518945,0.02378213,0.00021215,0.88789,1.01197,21343324074.0,100000000000.0,0.0388874,-38.13607,2026-02-27,0.0092214,2025-12-24
bonk,bonk,Bonk,5.78e-06,508300780,98,61858170,5.95e-06,5.55e-06,1.12404e-07,1.9831,1.9937,87994745223334.81,87994745223335.03,5.825e-05,-90.09128,2024-11-20,8.6142e-08,2022-12-29
true-usd,tusd,TrueUSD,0.997215,493176813,99,8680092,0.998241,0.99709,-0.00057534713105678,-0.05766,-0.04685,494515083.0,494515083.0,1.62,-38.35811,2018-08-26,0.88355,2020-03-12
layerzero,zro,LayerZero,1.92,484822017,100,33959519,2.04,1.91,-0.056682964696111116,-2.86866,-2.71102,252331652.6536562,1000000000.0,7.47,-74.27247,2024-12-06,1.12,2025-10-10
a7a5,a7a5,A7A5,0.01231811,482870038,101,4923.01,0.01274288,0.01218402,4.252e-05,0.34636,0.35067,39199342735.34074,39199342735.34074,0.229635,-94.63579,2025-08-14,1.048e-05,2025-08-21
fasttoken,ftn,Fasttoken,1.088,471909567,102,71562,1.089,1.086,0.00043601,0.04009,0.02894,433861414.6,870742437.0,4.61,-76.42441,2025-07-27,0.334201,2025-12-17
pancakeswap-token,cake,PancakeSwap,1.38,454752232,103,28245544,1.41,1.33,0.02467833,1.81627,1.82034,328548745.9921591,341705991.4723409,43.96,-96.85351,2021-04-30,0.194441,2020-11-03
chiliz,chz,Chiliz,0.04282102,440365702,104,126716378,0.04459234,0.03941191,0.00305936,7.69424,7.69726,10283374874.0,10283374874.0,0.878633,-95.13384,2021-03-13,0.00410887,2019-09-28
virtual-protocol,virtual,Virtuals Protocol,0.647058,424057631,105,52889066,0.676525,0.635064,-0.003676939647618283,-0.56504,-0.54154,656301970.3333926,1000000000.0,5.07,-87.2545,2025-01-02,0.00748604,2024-01-23
euro-coin,eurc,EURC,1.15,411948173,106,43598069,1.15,1.14,-0.003392436285229561,-0.2952,-2.51498,359556358.2904051,359556358.2904051,1.35,-15.26087,2023-03-14,0.052848,2022-12-09
dash,dash,Dash,31.87,402862152,107,40221022,32.83,31.28,0.081766,0.25725,0.63073,12646800.52773652,12647597.93875045,1493.59,-97.86644,2017-12-20,0.213899,2014-02-14
pudgy-penguins,pengu,Pudgy Penguins,0.00639436,401817591,108,81364341,0.00661118,0.00617377,0.00010527,1.67378,1.79392,62860396090.0,79747201773.30705,0.068447,-90.66426,2024-12-17,0.00371517,2025-04-09
blockstack,stx,Stacks,0.218877,401687522,109,9597256,0.224523,0.212431,0.00276384,1.27889,1.2004,1838158893.75227,1838158893.75227,3.86,-94.34865,2024-04-01,0.04559639,2020-03-13
janus-henderson-anemoy-aaa-clo-fund,jaaa,Janus Henderson Anemoy AAA CLO Fund,1.028,396447636,110,0.0,1.028,1.028,-0.000408000000000186,-0.03968,-0.03968,385714738.068719,385714738.068719,1.028,-0.03968,2026-03-27,1.009,2025-12-06
first-digital-usd,fdusd,First Digital USD,0.998306,395708318,111,64911256,1.001,0.995605,-0.000389027676511944,-0.03895,-0.63604,396427998.3322019,396427998.3322019,1.15,-13.28944,2025-02-03,0.940377,2024-12-05
tezos,xtz,Tezos,0.346046,373240419,112,11757672,0.35376,0.336606,0.0059302,1.74358,1.44772,1080147585.315979,1100168874.586762,9.12,-96.20879,2021-10-04,0.336606,2026-03-29
hastra-prime,prime,PRIME,1.028,370712836,113,423634,1.033,0.97704,0.00277785,0.27082,0.52702,360465505.6107,360465505.6107,1.5,-31.47326,2026-03-11,0.956408,2026-03-17
dexe,dexe,DeXe,7.91,370592421,114,26295769,8.19,7.15,0.574809,7.83901,8.00489,46751386.35500994,96504599.33609451,32.38,-75.64289,2021-03-08,0.671563,2020-11-06
ether-fi,ethfi,Ether.fi,0.462925,364457743,115,24686629,0.47861,0.453309,0.00270557,0.58789,0.62469,787264625.0,998535999.0,8.53,-94.60223,2024-03-27,0.396031,2026-02-06
decred,dcr,Decred,20.46,354958874,116,982179,21.21,20.11,-0.02368732991133271,-0.11566,0.57548,17346958.3411059,17347008.54545139,247.35,-91.72739,2021-04-17,0.43154,2016-12-26
usx,usx,USX,0.999247,352152256,117,380834,0.99988,0.999168,-0.000194668330202652,-0.01948,-0.01066,352372797.570878,352372797.570878,1.038,-3.73998,2026-01-28,0.828472,2025-12-26
kinesis-gold,kau,Kinesis Gold,145.24,346579946,118,127146,174.15,143.28,-20.048815542054854,-12.12944,-12.12944,2386227.8342,2386227.8342,206.98,-29.83582,2026-03-01,44.06,2023-04-21
sei-network,sei,Sei,0.051559,346222227,119,41040000,0.053841,0.050906,-0.001012134738672309,-1.92527,-2.14193,6733333333.0,10000000000.0,1.14,-95.49456,2024-03-16,0.050906,2026-03-30
sun-token,sun,Sun Token,0.0177414,341367333,120,140767846,0.01796197,0.01722707,0.00028631,1.64029,2.3071,19225609170.21119,19900730000.0,66.45,-99.97318,2020-09-11,0.00462303,2022-11-14
apenft,nft,AINFT,3.26694e-07,323461645,122,11046996,3.30043e-07,3.24575e-07,-2.92046478e-10,-0.08931,-0.08776,990105667256391.5,990105667256391.5,7.53e-06,-95.66586,2021-09-05,2.98737e-07,2023-06-10
adi-token,adi,ADI,4.03,323403063,121,474267,4.06,4.01,0.00863191,0.21453,0.45642,79999999.92,999999999.0,4.18,-3.17916,2026-03-25,0.975425,2025-12-10
curve-dao-token,crv,Curve DAO,0.214407,320170473,123,43014315,0.221313,0.205762,0.00473819,2.25984,2.14295,1493284090.0,2366343371.417323,15.37,-98.60804,2020-08-14,0.180354,2024-08-05
gnosis,gno,Gnosis,119.86,316312412,124,4562352,124.67,116.59,1.12,0.94323,0.89235,2639589.0,3000000.0,644.2,-81.39094,2021-11-08,6.88,2020-03-13
bittorrent,btt,BitTorrent,3.18124e-07,314081304,125,10442643,3.18894e-07,3.13932e-07,3.357e-09,1.06648,1.18234,987037885840674.8,990000000000000.0,3.43e-06,-90.72161,2022-01-21,3.04531e-07,2026-02-06
river,river,River,15.96,313079452,126,30675123,16.0,12.86,1.2,8.13462,8.97086,19600000.0,100000000.0,87.73,-81.85269,2026-01-26,1.58,2025-09-23
usdai,usdai,USDai,0.999427,310259988,127,1243474,0.999787,0.999398,-0.000244264238965619,-0.02443,-0.0966,310437952.002256,310437952.002256,1.19,-15.86616,2025-09-04,0.769779,2025-09-26
kite-2,kite,Kite,0.17098,305948050,128,97743792,0.17769,0.15697,0.01173601,7.36982,6.575,1800000000.0,10000000000.0,0.319747,-47.03245,2026-03-06,0.061819,2025-11-04
aerodrome-finance,aero,Aerodrome Finance,0.311181,288651120,129,9400372,0.327626,0.309313,-0.009602708597983123,-2.99352,-2.79769,927408549.7520013,1866564118.17761,2.32,-86.57824,2024-12-07,1.861e-05,2023-10-17
injective-protocol,inj,Injective,2.87,287184313,130,51042509,2.94,2.75,0.073089,2.61147,2.61853,100000000.0,100000000.0,52.62,-94.55687,2024-03-14,0.657401,2020-11-03
venice-token,vvv,Venice Token,6.17,278048875,131,23080195,6.77,5.88,0.237444,4.0046,4.15684,45088618.78757615,79273633.46090335,22.58,-72.6934,2025-01-28,0.91975,2025-12-01
conflux-token,cfx,Conflux,0.053362,276940102,132,13610674,0.054511,0.052199,-0.000266688940549674,-0.49729,-0.51224,5189835932.13,5196935867.46,1.7,-96.84854,2021-03-27,0.02199898,2022-12-30
bitcoin-cash-sv,bsv,Bitcoin SV,13.76,275279431,133,10271418,14.02,13.5,0.224663,1.65952,1.62689,20008140.625,20008243.75,489.75,-97.1834,2021-04-16,11.56,2026-02-06
frax,frax,Legacy Frax Dollar,0.991536,273599691,134,4678098,0.993018,0.955089,0.00751292,0.76349,0.78151,275935184.0102677,275935184.0102677,1.14,-13.05131,2021-02-07,0.874536,2023-03-11
lido-dao,ldo,Lido DAO,0.315668,268085564,135,38345294,0.323935,0.297243,0.01051576,3.44607,3.45555,849264458.5927889,1000000000.0,7.3,-95.67981,2021-08-20,0.271383,2026-03-08
floki,floki,FLOKI,2.761e-05,266579234,136,24051400,2.858e-05,2.681e-05,2.69758e-07,0.98659,0.99109,9654351169186.0,10000000000000.0,0.00034495,-91.99547,2024-06-05,8.428e-08,2021-07-06
kinesis-silver,kag,Kinesis Silver,70.24,265314831,137,372838,71.51,67.52,0.472754,0.67759,0.67845,3777096.9336,3777096.9336,130.0,-45.95835,2026-02-02,4.36,2024-02-11
kaia,kaia,Kaia,0.04526893,265121103,138,6850326,0.04635633,0.04460749,-0.000515492291653021,-1.12591,-1.18154,5856641747.106198,5856641936.044253,0.406698,-88.86344,2024-12-03,0.04460749,2026-03-29
celestia,tia,Celestia,0.294009,264106420,140,21319435,0.30407,0.285627,0.00332822,1.14498,1.33386,898180832.362734,1164851599.259515,20.85,-98.59003,2024-02-10,0.279957,2026-02-06
crvusd,crvusd,crvUSD,0.994875,263564370,139,19112121,1.001,0.991955,-0.003074680236190952,-0.3081,0.01134,264828190.7046497,264828190.7046497,1.11,-9.90359,2024-06-13,0.949016,2023-08-08
official-fo,fo,Official FO,0.263084,262424118,141,249249,0.263202,0.262794,-3.4762538415722e-05,-0.01321,-0.03288,997490221.15,997490221.15,0.830025,-68.29782,2025-09-28,0.262705,2026-03-27
jasmycoin,jasmy,JasmyCoin,0.00529631,261875822,142,11024687,0.00542536,0.00518144,-3.158496052142e-06,-0.0596,-0.06144,49444999677.59027,50000000000.0,4.79,-99.88967,2021-02-16,0.00275026,2022-12-29
the-graph,grt,The Graph,0.02370125,255269053,143,13624609,0.02449342,0.02316875,0.00020737,0.88268,0.87658,10770277707.82093,10800262816.04821,2.84,-99.16576,2021-02-12,0.02316875,2026-03-29
ape-and-pepe,apepe,Ape and Pepe,1.19e-06,250802997,144,39003418,1.2e-06,1.18e-06,1.1176e-08,0.94441,0.89846,210000000000000.0,210000000000000.0,6.89e-06,-82.66174,2024-11-22,6.54916e-07,2025-09-17
doublezero,2z,DoubleZero,0.072207,249437025,145,9274642,0.072841,0.066603,0.00494635,7.35396,7.04166,3471417500.0,10000000000.0,0.893679,-91.96065,2025-10-02,0.065927,2026-02-24
olympus,ohm,Olympus,15.71,245856020,146,89805,16.07,15.28,0.343307,2.2335,2.26279,15645551.38895166,19878186.55246076,1415.26,-98.88986,2021-04-25,7.54,2022-11-26
spx6900,spx,SPX6900,0.262019,243999830,147,6019861,0.275856,0.257206,-0.004258278647686575,-1.59919,-1.54631,930993080.908372,930993080.908372,2.27,-88.50678,2025-07-28,0.00131808,2024-02-04
monad,mon,Monad,0.0223888,242708908,148,142536111,0.02402285,0.02169716,0.00015969,0.7184,0.80482,10830583396.0,100000000000.0,0.04882901,-54.08705,2025-11-26,0.01636691,2026-02-06
iota,iota,IOTA,0.055084,239671772,149,7880713,0.055997,0.05222,0.00194819,3.66643,3.41142,4357447719.0,4852264160.0,5.25,-98.95329,2017-12-19,0.05222,2026-03-29
syrup,syrup,Maple Finance,0.202182,234416662,150,5374213,0.210182,0.198172,0.00112402,0.55905,0.74672,1159459590.7885313,1216127147.998563,0.653229,-69.06825,2025-06-25,0.085229,2025-04-07
btse-token,btse,BTSE Token,1.41,228864517,151,2650166,1.47,1.41,-0.05875469167945613,-3.9943,-3.92784,162061501.0,200000000.0,9.21,-84.66129,2022-03-23,0.06191,2025-10-10
optimism,op,Optimism,0.106488,225972845,152,59032125,0.109278,0.100074,0.0044031,4.31316,4.60505,2117847344.0,4294967296.0,4.84,-97.80348,2024-03-06,0.100074,2026-03-29
zebec-network,zbcn,Zebec Network,0.00226415,221596190,153,8845626,0.0024514,0.00226182,-1.6414406754311e-05,-0.71975,-0.762,97951717939.67068,99997616291.37283,0.00700261,-67.70089,2025-05-30,0.00069854,2024-08-05
the9bit,9bit,The9bit,0.02676789,219500071,154,4487742,0.02773488,0.02669059,-0.000262786198293261,-0.97218,-0.95684,8199996207.155815,9999996207.155815,0.02773488,-3.52153,2026-03-30,0.00589506,2026-02-07
pyth-network,pyth,Pyth Network,0.03783064,218019849,155,9898578,0.03891845,0.036802,0.00068125,1.83381,2.27605,5749982264.378365,10000000000.0,1.2,-96.83279,2024-03-16,0.03679605,2026-03-28
usda-2,usda,USDa,0.987772,217999202,156,1.019,0.987834,0.987598,3.697e-05,0.00374,0.00403,220697826.4917949,220697826.4917949,1.021,-3.29941,2025-01-13,0.737813,2024-12-06
agora-dollar,ausd,AUSD,0.999304,216288334,157,21655822,1.001,0.99811,-0.001363741438816901,-0.13628,-0.14169,216456853.0,216456853.0,1.022,-2.17969,2024-10-05,0.950515,2024-12-05
undeads-games,uds,Undeads Games,1.73,215735496,158,254748,1.74,1.72,0.00061643,0.03561,0.03839,124564379.375,250000000.0,3.15,-45.08154,2025-12-03,0.040673,2024-10-30
ethereum-name-service,ens,Ethereum Name Service,5.53,212528517,159,19192107,5.75,5.45,-0.019704303364802556,-0.35491,-0.26838,38380013.53099827,100000000.0,83.4,-93.36506,2021-11-11,5.01,2026-02-06
plasma,xpl,Plasma,0.08803,209071104,160,42573848,0.091792,0.085236,0.00093328,1.07154,1.07747,2375000000.0,10041666666.6667,1.68,-94.77153,2025-09-28,0.073026,2026-02-06
blockchain-capital,bcap,Blockchain Capital,22.89,208576221,161,0.0,22.89,22.89,0.0,0.0,0.0,9112111.0,9112111.0,28.41,-19.42978,2025-07-28,17.76,2025-06-02
helium,hnt,Helium,1.081,199922905,162,3986303,1.15,1.079,-0.04968057755362687,-4.39216,-4.20608,184549589.2353177,184549589.2353177,54.88,-98.02935,2021-11-12,0.113248,2020-04-18
lighter,lit,Lighter,0.795312,198877483,163,18566127,0.849212,0.78739,-0.030792050599557363,-3.72738,-4.00834,250000000.0,1000000000.0,7.86,-89.89875,2025-12-30,0.78739,2026-03-30
build-on,b,BUILDon,0.198019,198018930,164,2204941,0.200197,0.19511,-0.000643969512209602,-0.32415,-0.28597,1000000000.0,1000000000.0,0.731588,-72.91548,2025-08-31,0.082973,2025-10-10
terra-luna,lunc,Terra Luna Classic,3.618e-05,197535919,165,6977223,3.694e-05,3.56e-05,-1.98979447657e-07,-0.54702,-0.53466,5458950543836.362,6465556265295.602,119.18,-99.99997,2022-04-05,9.99967e-07,2022-05-13
the-sandbox,sand,The Sandbox,0.073581,196254216,166,18677766,0.0755,0.071103,0.00105502,1.45469,1.44463,2667289212.2233224,3000000000.0,8.4,-99.12569,2021-11-25,0.02897764,2020-11-04
telcoin,tel,Telcoin,0.00202594,192641268,167,1181180,0.00211879,0.00202597,-4.1629716301013e-05,-2.01346,-1.98376,95077236366.71,100000000000.0,0.064483,-96.8547,2021-05-11,6.474e-05,2020-03-13
chain-2,xcn,Onyxcoin,0.0050997,191386209,168,9627203,0.0052175,0.00499589,8.479e-05,1.69072,1.67566,37521399795.63514,53402432357.48609,0.184139,-97.221,2022-05-27,0.0007055,2023-10-11
starknet,strk,Starknet,0.03369792,190472656,169,13335113,0.03513773,0.03297428,0.00015239,0.45428,0.54711,5651535251.348971,10000000000.0,4.41,-99.23677,2024-02-20,0.03297428,2026-03-29
axie-infinity,axs,Axie Infinity,1.12,189988861,170,18603182,1.16,1.1,0.00187721,0.16776,0.14044,169498493.0965616,270000000.0,164.9,-99.32231,2021-11-06,0.123718,2020-11-06
tradable-na-rent-financing-platform-sstn,pc0000031,Tradable NA Rent Financing Platform SSTN,1.0,189500000,171,0.0,1.0,1.0,0.0,0.0,0.0,189500000.0,189500000.0,189500000,-100.0,2025-05-29,1.0,2025-05-29
vision-3,vsn,Vision,0.051501,188427343,172,9727656,0.051777,0.051173,0.00032766,0.6403,0.73162,3659271853.1340685,4200000000.0,0.223874,-76.99819,2025-08-11,0.04699095,2026-02-05
re-protocol-reusd,reusd,Re Protocol reUSD,1.069,188086477,173,1350247,1.069,1.068,-6.6290075223296e-05,-0.0062,0.53037,176006409.121067,176006409.121067,1.078,-0.87242,2025-10-10,0.873393,2025-07-17
pendle,pendle,Pendle,1.11,185050501,174,19377575,1.16,1.1,-0.009326870659334574,-0.83148,-0.86663,166319487.8711288,281527448.4585314,7.5,-85.19493,2024-04-11,0.03377729,2022-11-14
neo,neo,NEO,2.6,183788186,175,10880449,2.67,2.52,0.04700699,1.83959,2.03585,70530000.0,100000000.0,198.38,-98.68562,2018-01-15,0.078349,2016-10-21
swissborg,borg,SwissBorg,0.186382,183481575,176,313154,0.193447,0.179275,8.65e-05,0.04643,0.30948,981852443.4419999,981852443.4419999,1.64,-88.61402,2021-05-04,0.00502687,2019-07-28
nusd-2,nusd,Neutrl USD,0.996787,182103145,177,4889718,1.002,0.993518,-0.002715052078954727,-0.27164,-1.61946,182651287.1156984,182651287.1156984,1.031,-3.1263,2026-01-31,0.975411,2025-11-20
story-2,ip,Story,0.515824,181717324,178,32350683,0.542245,0.513211,-0.008345890591385463,-1.59221,-1.55775,352287837.87,1025814271.39,14.78,-96.50801,2025-09-21,0.513211,2026-03-30
wefi,wfi,WeFi,2.19,179435274,179,2767897,2.19,2.11,0.067338,3.17716,3.13827,82053794.117437,1000000000.0,3.0,-27.11421,2026-01-19,0.151329,2024-11-25
reallink,real,RealLink,0.056042,178103851,180,4518536,0.057515,0.054176,0.00061722,1.1136,1.40309,3174876475.0,3174876475.0,0.99069,-94.34523,2023-01-02,0.00023002,2023-05-09
trust-wallet-token,twt,Trust Wallet,0.4261,177523622,181,8235652,0.444841,0.423611,-0.008846589594055876,-2.03395,-2.03622,416649900.0,1000000000.0,2.72,-84.36004,2022-12-11,0.00277641,2020-06-09
newton-project,ab,AB,0.00178447,176412795,182,4004202,0.00193892,0.00178134,-0.000124859736477933,-6.53946,-6.52953,98823661261.46,98823661261.46,0.01727373,-89.67704,2025-03-22,3.8e-06,2022-10-11
dogwifcoin,wif,dogwifhat,0.176347,176203479,183,46936358,0.179438,0.169202,0.0048059,2.8016,2.90074,998926392.0,998926392.0,4.83,-96.34542,2024-03-31,0.00155464,2023-12-13
spiko-us-t-bills-money-market-fund,ustbl,Spiko US T-Bills Money Market Fund,1.079,175593402,184,49.95,1.079,1.078,0.000301,0.02791,-1.61467,162781217.93664,162781217.93664,1.079,0.0,2026-03-30,1.013,2024-08-20
fartcoin,fartcoin,Fartcoin,0.168345,168383383,185,49153764,0.172719,0.159729,0.00120515,0.72105,0.73427,999978863.204121,999978863.204121,2.48,-93.24809,2025-01-19,0.02002855,2024-10-30
compound-governance-token,comp,Compound,17.28,167047171,186,9192394,18.41,17.16,-0.7049016997266264,-3.92013,-3.90276,9668189.278360886,10000000.0,854.45,-97.98412,2021-05-12,15.21,2026-02-06
fidelity-digital-interest-token,fdit,Fidelity Digital Interest Token,1.0,166677017,187,0.0,1.0,1.0,0.0,0.0,0.0,166677016.99,166677016.99,1.0,0.0,2025-09-17,1.0,2025-09-17
zksync,zk,ZKsync,0.01711146,164388986,188,8790842,0.01783896,0.01670023,9.544e-05,0.56088,0.59952,9604921336.0,21000000000.0,0.320983,-94.66654,2024-06-17,0.01670023,2026-03-29
falcon-finance-ff,ff,Falcon Finance,0.070247,164341212,189,10038327,0.07205,0.069708,-0.000421993761190551,-0.59714,-0.51497,2340000000.0,10000000000.0,0.770814,-90.87888,2025-09-29,0.062102,2025-10-10
mx-token,mx,MX,1.78,163910474,190,10729704,1.79,1.78,0.00593253,0.33354,0.32868,91837334.0,409024834.0,5.85,-69.52553,2024-04-09,0.04218457,2019-11-25
bnb48-club-token,koge,KOGE,47.95,162082653,191,163453716,47.97,47.95,-0.005414035017615504,-0.01129,-0.01338,3379998.56,3379998.56,76.94,-37.6777,2022-03-25,1.19,2021-02-01
decentraland,mana,Decentraland,0.081921,158290348,192,12148933,0.083962,0.078945,0.00127582,1.58202,1.47112,1935187949.4307714,2193179327.320146,5.85,-98.60418,2021-11-25,0.00923681,2017-10-31
satoshi-stablecoin,satusd,Satoshi Stablecoin,0.993781,158271847,193,36325,0.99895,0.979522,-0.001114755127748834,-0.11205,-0.11183,159262354.095454,159262354.095454,1.68,-40.75122,2025-02-22,0.635574,2024-07-21
grass,grass,Grass,0.278264,157187155,194,10923966,0.300265,0.275504,-0.011448153143104545,-3.95156,0.08546,564673734.0,1000000000.0,3.89,-92.85807,2024-11-08,0.166785,2026-02-06
convex-finance,cvx,Convex Finance,1.71,156541161,195,9660159,1.77,1.62,0.04665328,2.81234,2.84468,91758226.73956148,99959886.10151038,60.09,-97.14198,2022-01-01,1.36,2025-10-10
walrus-2,wal,Walrus,0.069099,154810803,196,8947366,0.071782,0.065427,0.0029444,4.4508,4.38251,2242500000.0,5000000000.0,0.759179,-90.89836,2025-05-14,0.065359,2026-03-29
flying-tulip,ft,Flying Tulip,0.097749,152978199,197,112046,0.098158,0.096225,0.00138473,1.43696,0.58451,1564577149.386623,9988120502.079584,0.299855,-67.39332,2026-02-23,0.093854,2026-03-28
humanity,h,Humanity,0.083616,152565862,198,11397604,0.090655,0.080917,0.00250729,3.09126,3.4034,1825000000.0,10000000000.0,0.388387,-78.46784,2025-10-25,0.01810273,2025-06-27
stasis-eurs,eurs,STASIS EURO,1.23,152545452,200,16415.43,1.24,1.22,-0.002183445944840656,-0.17735,-0.17764,124125940.0,124125940.0,1.79,-31.76949,2023-03-14,0.632498,2026-02-13
sonic-3,s,Sonic,0.04015086,151999125,199,11829943,0.04144245,0.03936253,0.00014007,0.35009,0.31147,3784775845.0,3885497663.0,1.029,-96.09845,2025-01-04,0.03683683,2026-02-28
raydium,ray,Raydium,0.563701,151466498,201,11844127,0.578297,0.55068,0.00232048,0.41335,0.44472,268700018.217795,555000000.0,16.83,-96.65635,2021-09-12,0.134391,2022-12-29
gusd,gusd,GUSD,1.001,150025923,202,1361336,1.012,0.991472,0.0010925,0.10925,0.24893,149790000.0,320000000.0,1.022,-2.0233,2026-03-02,0.979237,2026-03-02
zano,zano,Zano,9.84,149811338,203,1639378,10.01,9.59,0.02030859,0.20674,0.2102,15218950.8,15220453.54,17.81,-45.03231,2025-01-07,0.146452,2019-12-16
theta-token,theta,Theta Network,0.149372,149371700,204,9240096,0.154049,0.147347,-0.001239716570180627,-0.82312,-0.85038,1000000000.0,1000000000.0,15.72,-99.05239,2021-04-16,0.04039979,2020-03-13
onyc,onyc,Onchain Yield Coin,1.088,145620656,205,6321655,1.089,1.082,0.00028704,0.02639,0.00621,133857810.8631545,133857810.8631545,1.089,-0.05787,2026-03-30,1.005,2025-07-24
safepal,sfp,SafePal,0.280859,140432167,206,1632542,0.285315,0.274337,0.00171253,0.61349,0.59601,500000000.0,500000000.0,4.19,-93.28771,2021-02-09,0.232742,2026-02-06
thorchain,rune,THORChain,0.397921,139726065,207,22991313,0.408499,0.388706,0.00247391,0.6256,0.78176,351066618.0,424711849.0,20.87,-98.09537,2021-05-19,0.00851264,2019-09-28
basic-attention-token,bat,Basic Attention,0.093176,139320518,208,14398183,0.097393,0.090154,0.00136135,1.48271,1.66047,1495724656.9526057,1500000000.0,1.9,-95.11242,2021-11-28,0.072394,2017-07-16
ultima,ultima,Ultima,3664.94,139196754,209,9700770,3723.45,3626.37,-11.9509777967437,-0.32503,0.37744,37772.135734,100000.0,22851,-83.89779,2025-02-14,2038.41,2024-06-12
gala,gala,GALA,0.00285458,135724342,210,16880325,0.0029521,0.00271086,7.926e-05,2.85574,2.84925,47546220259.74763,47546220272.74762,0.824837,-99.65423,2021-11-26,0.00013475,2020-12-28
banana-for-scale-2,bananas31,Banana For Scale,0.01356788,135675496,211,24550068,0.01408482,0.01279883,0.00031819,2.40149,2.23194,10000000000.0,10000000000.0,0.057741,-76.49942,2025-07-11,0.00072336,2025-02-03
sentient,sent,Sentient,0.01861934,134866241,212,41615985,0.01979409,0.01803684,-0.000453912062249168,-2.37984,-2.70966,7237882055.0,34359738368.0,0.04805315,-61.12945,2026-02-01,0.01572196,2026-03-28
qubic-network,qubic,Qubic,9.88959e-07,134689755,213,2315226,1.02e-06,9.56781e-07,-1.6647326405e-08,-1.65545,-2.29086,136447261032519.0,167504493885410.0,1.256e-05,-92.15362,2024-03-02,4.34669e-07,2026-02-28
ecash,xec,eCash,6.64e-06,132926568,214,3460453,6.79e-06,6.52e-06,4.9853e-08,0.75606,0.53055,20008010922580.0,20008095297580.0,0.00038001,-98.25233,2021-09-04,6.52e-06,2026-03-29
theo-short-duration-us-treasury-fund,thbill,Theo Short Duration US Treasury Fund,1.017,131953329,215,117824,1.019,1.016,-0.000405623047646353,-0.03987,-0.00222,129713419.202387,129713419.202387,1.11,-8.47849,2025-10-10,0.906552,2025-10-10
circle-internet-group-ondo-tokenized-stock,crclon,Circle Internet Group (Ondo Tokenized Stock),89.34,130854150,216,8731964,97.37,88.28,-3.373659774248395,-3.63899,1.65961,1458431.699393961,1458431.699393961,158.37,-43.34651,2025-10-10,47.99,2026-02-06
apollo-diversified-credit-securitize-fund,acred,Apollo Diversified Credit Securitize Fund,1090.36,130627153,217,0.0,1091.48,1088.21,0.790037,0.07251,0.08071,119802.178276,119802.178276,1108.47,-1.75357,2026-01-18,1004.33,2025-04-09
akash-network,akt,Akash Network,0.495431,129759211,218,8114284,0.518398,0.489614,-0.010513607837828065,-2.07802,-2.06925,261911533.582431,290814109.977637,8.07,-93.88943,2021-04-06,0.164994,2022-11-21
gekko,gekko,GEKKO,6.47934e-07,129075492,219,76305,6.56504e-07,5.92909e-07,4.3663e-08,7.2258,6.61208,200000000000000.0,200000000000000.0,1.37e-05,-95.29062,2024-03-06,5.8429e-07,2026-03-07
instadapp,fluid,Fluid,1.64,128880495,220,2411533,1.69,1.61,0.01473004,0.90564,0.90579,78532543.82034639,100000000.0,24.4,-93.29548,2021-06-16,0.366538,2022-12-28
golem,glm,Golem,0.128092,128549016,221,5120086,0.132217,0.126559,0.00146325,1.15554,1.493,1000000000.0,1000000000.0,1.32,-90.29226,2018-04-13,0.00913753,2016-12-12
sosovalue,soso,SoSoValue,0.408225,127354590,222,1653745,0.417846,0.405003,-0.008867446335764806,-2.12601,-2.15384,312001548.0,1000000000.0,1.42,-71.25524,2025-01-25,0.299484,2026-02-24
avant-usd,avusd,Avant USD,0.999138,126979955,223,54568,0.999381,0.998892,-0.000155783392817077,-0.01559,-0.32247,127089541.9983975,127089541.9983975,1.059,-5.62433,2025-10-10,0.967857,2025-02-03
chutes,sn64,Chutes,26.84,125956392,225,2478442,28.76,26.42,-0.3168114495987524,-1.16675,-1.05315,4695142.553605033,4695142.553605033,104.42,-74.36724,2025-06-10,13.04,2026-02-06
origintrail,trac,OriginTrail,0.281347,125763709,224,6768915,0.291882,0.279299,-0.000625858575287408,-0.22196,-0.27991,447274118.0,500000000.0,3.5,-91.98925,2021-11-03,0.00385262,2020-03-13
aethir,ath,Aethir,0.00682959,125207440,226,17283133,0.00708928,0.0067509,-0.000100937869135841,-1.45642,-1.64066,18367688543.0,42000000000.0,0.118536,-94.24972,2024-06-12,0.00487815,2026-02-24
jito-governance-token,jto,Jito,0.274193,124236623,227,11517630,0.288959,0.273321,-0.00948643620923334,-3.34407,-3.16984,453144332.4,1000000000.0,6.01,-95.44503,2023-12-07,0.218137,2026-02-06
ozone-chain,ozo,Ozone Chain,0.129602,123782114,229,224029,0.131991,0.12896,-2.4069737262211e-05,-0.01857,0.15228,954291648.0,1000000000.0,0.485077,-73.29486,2024-04-29,0.060046,2023-10-07
gmt-token,gomining,GoMining Token,0.304876,123462914,228,15173091,0.310341,0.304101,-0.002272291345930155,-0.7398,-0.84836,405204685.1714697,405204685.1714697,0.564703,-45.83558,2024-12-16,0.069487,2022-11-10
1inch,1inch,1INCH,0.087885,123423324,230,10620188,0.090325,0.085543,0.00095898,1.10321,1.0403,1404367082.661079,1499999999.997,8.65,-98.98446,2021-10-27,0.083617,2026-02-06
cash-4,cash,CASH,0.998723,122914883,231,3984878,1.004,0.95897,0.00033881,0.03394,0.78758,122945601.71886,122945601.71886,1.058,-5.54122,2025-11-15,0.721504,2026-03-22
astherus-usdf,usdf,Aster USDF,0.996944,122019221,232,157600,0.998275,0.996928,-0.000942917110943964,-0.09449,-0.40527,122393287.7676175,122393287.7676175,1.046,-4.71719,2025-10-10,0.798494,2025-10-10
frax-usd,frxusd,Frax USD,0.9998,121772189,233,10316264,1.0,0.999088,3.118e-05,0.00312,0.1072,121794410.7190035,121801384.3420115,1.007,-0.70129,2025-05-30,0.97622,2025-02-17
immutable-x,imx,Immutable,0.143848,121211428,234,8636054,0.148851,0.140681,0.00111934,0.78425,-0.38502,842444578.3296283,2000000000.0,9.52,-98.48984,2021-11-26,0.134529,2026-02-06
vaulta,a,Vaulta,0.073965,120646834,235,12961597,0.075237,0.071001,0.00067179,0.91658,0.94981,1631931518.4736,2100000000.0,0.778734,-90.53754,2025-05-28,0.07098,2026-02-06
pleasing-usd,pusd,Pleasing USD,0.988819,118658338,236,0.0,,,,,,120000000.0,120000000.0,1.057,-6.43572,2026-02-06,0.93418,2026-03-21
shuffle-2,shfl,Shuffle,0.298308,118108838,237,747037,0.314869,0.297605,-0.012114595502281666,-3.90262,-3.50508,394529509.0168794,927227144.656615,0.787524,-62.07503,2024-03-18,0.141225,2024-12-17
infinifi-usd,iusd,InfiniFi USD,0.999039,117620864,238,881645,1.002,0.995785,-0.002091371961203015,-0.2089,-1.29436,117660093.5409266,117660093.5409266,1.38,-27.51247,2026-01-11,0.243118,2026-01-04
wemix-token,wemix,WEMIX,0.253097,117000993,239,985944,0.263795,0.25169,-0.009388400485499993,-3.57674,-3.57018,462277841.3255647,552473209.5478008,24.71,-98.97706,2021-11-21,0.128398,2021-06-22
eigenlayer,eigen,EigenCloud (prev. EigenLayer),0.166425,114626799,241,14859745,0.174225,0.165063,-0.00179825646335996,-1.06897,5.15778,688735518.2165385,1808662300.168644,5.65,-97.06091,2024-12-17,0.165063,2026-03-30
tradable-singapore-fintech-ssl-2,pc0000023,Tradable Singapore Fintech SSL,1.0,114500000,240,0.0,1.0,1.0,0.0,0.0,0.0,114500000.0,114500000.0,1.0,0.0,2025-07-03,1.0,2025-07-03
seeker,skr,Seeker,0.01877321,114221467,242,5534428,0.01923433,0.0179155,0.00028642,1.54933,1.84457,6081631081.238799,10181631081.2388,0.055818,-66.50361,2026-01-22,0.00542271,2026-01-21
impossible-cloud-network-token,icnt,Impossible Cloud Network Token,0.452381,114166718,243,10861624,0.458171,0.399586,-0.005790455099791036,-1.26382,-1.48262,253006129.72647312,700000000.0,0.59106,-23.50011,2025-12-19,0.109937,2025-10-10
arweave,ar,Arweave,1.69,110904934,244,12950571,1.76,1.65,0.00341362,0.20296,0.53151,65652466.0,65652466.0,89.24,-98.10842,2021-11-05,0.298788,2020-01-31
elrond-erd-2,egld,MultiversX,3.72,110211031,245,5272808,3.84,3.68,-0.029487504343942206,-0.78632,-0.78209,29626904.0,29626904.0,545.64,-99.32009,2021-11-23,3.68,2026-03-29
cow-protocol,cow,CoW Protocol,0.19633,109874827,246,4967131,0.201173,0.192839,-0.001098502095126075,-0.5564,-0.76563,559535005.5822053,1000000000.0,2.22,-91.16298,2022-03-28,0.03987045,2022-11-09
melania-meme,melania,Melania Meme,0.114742,109304938,248,16420408,0.117873,0.113953,0.000789,0.69239,0.7587,952496375.911841,999996245.027251,13.05,-99.1226,2025-01-20,0.089932,2025-10-22
pieverse,pieverse,Pieverse,0.508387,109270355,247,3168505,0.524255,0.506049,0.00233779,0.46197,0.47243,215000000.0,1000000000.0,1.001,-49.22133,2025-12-07,0.119363,2025-11-14
lombard-protocol,bard,Lombard,0.358079,108303075,249,24834850,0.382106,0.34975,0.00143744,0.40305,0.8255,301875000.0,1000000000.0,1.7,-78.92259,2026-03-05,0.32573,2025-10-10
tokenize-xchange,tkx,Tokenize Xchange,1.35,107976527,250,4479.24,1.37,1.32,0.01273195,0.95213,0.90574,79995997.76037452,100000000.0,50.43,-97.32899,2025-01-03,0.111255,2019-04-28
